,geometry,crime,color
0,"POLYGON ((-73.58983070149999 45.4920685085, -73.5878307015 45.4920685085, -73.5878307015 45.4900685085, -73.58983070149999 45.4900685085, -73.58983070149999 45.4920685085))",38,yellow
1,"POLYGON ((-73.5878307015 45.4920685085, -73.5858307015 45.4920685085, -73.5858307015 45.4900685085, -73.5878307015 45.4900685085, -73.5878307015 45.4920685085))",67,yellow
2,"POLYGON ((-73.5858307015 45.4920685085, -73.58383070150001 45.4920685085, -73.58383070150001 45.4900685085, -73.5858307015 45.4900685085, -73.5858307015 45.4920685085))",43,yellow
3,"POLYGON ((-73.58383070150001 45.4920685085, -73.58183070150001 45.4920685085, -73.58183070150001 45.4900685085, -73.58383070150001 45.4900685085, -73.58383070150001 45.4920685085))",45,yellow
4,"POLYGON ((-73.58183070150001 45.4920685085, -73.57983070150001 45.4920685085, -73.57983070150001 45.4900685085, -73.58183070150001 45.4900685085, -73.58183070150001 45.4920685085))",34,purple
5,"POLYGON ((-73.57983070150001 45.4920685085, -73.57783070150002 45.4920685085, -73.57783070150002 45.4900685085, -73.57983070150001 45.4900685085, -73.57983070150001 45.4920685085))",23,purple
6,"POLYGON ((-73.57783070150002 45.4920685085, -73.57583070150002 45.4920685085, -73.57583070150002 45.4900685085, -73.57783070150002 45.4900685085, -73.57783070150002 45.4920685085))",30,purple
7,"POLYGON ((-73.57583070150002 45.4920685085, -73.57383070150003 45.4920685085, -73.57383070150003 45.4900685085, -73.57583070150002 45.4900685085, -73.57583070150002 45.4920685085))",0,purple
8,"POLYGON ((-73.57383070150003 45.4920685085, -73.57183070150003 45.4920685085, -73.57183070150003 45.4900685085, -73.57383070150003 45.4900685085, -73.57383070150003 45.4920685085))",0,purple
9,"POLYGON ((-73.57183070150003 45.4920685085, -73.56983070150004 45.4920685085, -73.56983070150004 45.4900685085, -73.57183070150003 45.4900685085, -73.57183070150003 45.4920685085))",0,purple
10,"POLYGON ((-73.56983070150004 45.4920685085, -73.56783070150004 45.4920685085, -73.56783070150004 45.4900685085, -73.56983070150004 45.4900685085, -73.56983070150004 45.4920685085))",0,purple
11,"POLYGON ((-73.56783070150004 45.4920685085, -73.56583070150005 45.4920685085, -73.56583070150005 45.4900685085, -73.56783070150004 45.4900685085, -73.56783070150004 45.4920685085))",0,purple
12,"POLYGON ((-73.56583070150005 45.4920685085, -73.56383070150005 45.4920685085, -73.56383070150005 45.4900685085, -73.56583070150005 45.4900685085, -73.56583070150005 45.4920685085))",0,purple
13,"POLYGON ((-73.56383070150005 45.4920685085, -73.56183070150006 45.4920685085, -73.56183070150006 45.4900685085, -73.56383070150005 45.4900685085, -73.56383070150005 45.4920685085))",0,purple
14,"POLYGON ((-73.56183070150006 45.4920685085, -73.55983070150006 45.4920685085, -73.55983070150006 45.4900685085, -73.56183070150006 45.4900685085, -73.56183070150006 45.4920685085))",0,purple
15,"POLYGON ((-73.55983070150006 45.4920685085, -73.55783070150007 45.4920685085, -73.55783070150007 45.4900685085, -73.55983070150006 45.4900685085, -73.55983070150006 45.4920685085))",0,purple
16,"POLYGON ((-73.55783070150007 45.4920685085, -73.55583070150007 45.4920685085, -73.55583070150007 45.4900685085, -73.55783070150007 45.4900685085, -73.55783070150007 45.4920685085))",4,purple
17,"POLYGON ((-73.55583070150007 45.4920685085, -73.55383070150008 45.4920685085, -73.55383070150008 45.4900685085, -73.55583070150007 45.4900685085, -73.55583070150007 45.4920685085))",5,purple
18,"POLYGON ((-73.55383070150008 45.4920685085, -73.55183070150008 45.4920685085, -73.55183070150008 45.4900685085, -73.55383070150008 45.4900685085, -73.55383070150008 45.4920685085))",17,purple
19,"POLYGON ((-73.55183070150008 45.4920685085, -73.54983070150008 45.4920685085, -73.54983070150008 45.4900685085, -73.55183070150008 45.4900685085, -73.55183070150008 45.4920685085))",26,purple
20,"POLYGON ((-73.58983070149999 45.49406850850001, -73.5878307015 45.49406850850001, -73.5878307015 45.4920685085, -73.58983070149999 45.4920685085, -73.58983070149999 45.49406850850001))",32,purple
21,"POLYGON ((-73.5878307015 45.49406850850001, -73.5858307015 45.49406850850001, -73.5858307015 45.4920685085, -73.5878307015 45.4920685085, -73.5878307015 45.49406850850001))",55,yellow
22,"POLYGON ((-73.5858307015 45.49406850850001, -73.58383070150001 45.49406850850001, -73.58383070150001 45.4920685085, -73.5858307015 45.4920685085, -73.5858307015 45.49406850850001))",66,yellow
23,"POLYGON ((-73.58383070150001 45.49406850850001, -73.58183070150001 45.49406850850001, -73.58183070150001 45.4920685085, -73.58383070150001 45.4920685085, -73.58383070150001 45.49406850850001))",5,purple
24,"POLYGON ((-73.58183070150001 45.49406850850001, -73.57983070150001 45.49406850850001, -73.57983070150001 45.4920685085, -73.58183070150001 45.4920685085, -73.58183070150001 45.49406850850001))",94,yellow
25,"POLYGON ((-73.57983070150001 45.49406850850001, -73.57783070150002 45.49406850850001, -73.57783070150002 45.4920685085, -73.57983070150001 45.4920685085, -73.57983070150001 45.49406850850001))",84,yellow
26,"POLYGON ((-73.57783070150002 45.49406850850001, -73.57583070150002 45.49406850850001, -73.57583070150002 45.4920685085, -73.57783070150002 45.4920685085, -73.57783070150002 45.49406850850001))",0,purple
27,"POLYGON ((-73.57583070150002 45.49406850850001, -73.57383070150003 45.49406850850001, -73.57383070150003 45.4920685085, -73.57583070150002 45.4920685085, -73.57583070150002 45.49406850850001))",0,purple
28,"POLYGON ((-73.57383070150003 45.49406850850001, -73.57183070150003 45.49406850850001, -73.57183070150003 45.4920685085, -73.57383070150003 45.4920685085, -73.57383070150003 45.49406850850001))",0,purple
29,"POLYGON ((-73.57183070150003 45.49406850850001, -73.56983070150004 45.49406850850001, -73.56983070150004 45.4920685085, -73.57183070150003 45.4920685085, -73.57183070150003 45.49406850850001))",0,purple
30,"POLYGON ((-73.56983070150004 45.49406850850001, -73.56783070150004 45.49406850850001, -73.56783070150004 45.4920685085, -73.56983070150004 45.4920685085, -73.56983070150004 45.49406850850001))",0,purple
31,"POLYGON ((-73.56783070150004 45.49406850850001, -73.56583070150005 45.49406850850001, -73.56583070150005 45.4920685085, -73.56783070150004 45.4920685085, -73.56783070150004 45.49406850850001))",0,purple
32,"POLYGON ((-73.56583070150005 45.49406850850001, -73.56383070150005 45.49406850850001, -73.56383070150005 45.4920685085, -73.56583070150005 45.4920685085, -73.56583070150005 45.49406850850001))",0,purple
33,"POLYGON ((-73.56383070150005 45.49406850850001, -73.56183070150006 45.49406850850001, -73.56183070150006 45.4920685085, -73.56383070150005 45.4920685085, -73.56383070150005 45.49406850850001))",0,purple
34,"POLYGON ((-73.56183070150006 45.49406850850001, -73.55983070150006 45.49406850850001, -73.55983070150006 45.4920685085, -73.56183070150006 45.4920685085, -73.56183070150006 45.49406850850001))",0,purple
35,"POLYGON ((-73.55983070150006 45.49406850850001, -73.55783070150007 45.49406850850001, -73.55783070150007 45.4920685085, -73.55983070150006 45.4920685085, -73.55983070150006 45.49406850850001))",21,purple
36,"POLYGON ((-73.55783070150007 45.49406850850001, -73.55583070150007 45.49406850850001, -73.55583070150007 45.4920685085, -73.55783070150007 45.4920685085, -73.55783070150007 45.49406850850001))",3,purple
37,"POLYGON ((-73.55583070150007 45.49406850850001, -73.55383070150008 45.49406850850001, -73.55383070150008 45.4920685085, -73.55583070150007 45.4920685085, -73.55583070150007 45.49406850850001))",0,purple
38,"POLYGON ((-73.55383070150008 45.49406850850001, -73.55183070150008 45.49406850850001, -73.55183070150008 45.4920685085, -73.55383070150008 45.4920685085, -73.55383070150008 45.49406850850001))",4,purple
39,"POLYGON ((-73.55183070150008 45.49406850850001, -73.54983070150008 45.49406850850001, -73.54983070150008 45.4920685085, -73.55183070150008 45.4920685085, -73.55183070150008 45.49406850850001))",20,purple
40,"POLYGON ((-73.58983070149999 45.49606850850001, -73.5878307015 45.49606850850001, -73.5878307015 45.49406850850001, -73.58983070149999 45.49406850850001, -73.58983070149999 45.49606850850001))",34,purple
41,"POLYGON ((-73.5878307015 45.49606850850001, -73.5858307015 45.49606850850001, -73.5858307015 45.49406850850001, -73.5878307015 45.49406850850001, -73.5878307015 45.49606850850001))",8,purple
42,"POLYGON ((-73.5858307015 45.49606850850001, -73.58383070150001 45.49606850850001, -73.58383070150001 45.49406850850001, -73.5858307015 45.49406850850001, -73.5858307015 45.49606850850001))",53,yellow
43,"POLYGON ((-73.58383070150001 45.49606850850001, -73.58183070150001 45.49606850850001, -73.58183070150001 45.49406850850001, -73.58383070150001 45.49406850850001, -73.58383070150001 45.49606850850001))",46,yellow
44,"POLYGON ((-73.58183070150001 45.49606850850001, -73.57983070150001 45.49606850850001, -73.57983070150001 45.49406850850001, -73.58183070150001 45.49406850850001, -73.58183070150001 45.49606850850001))",48,yellow
45,"POLYGON ((-73.57983070150001 45.49606850850001, -73.57783070150002 45.49606850850001, -73.57783070150002 45.49406850850001, -73.57983070150001 45.49406850850001, -73.57983070150001 45.49606850850001))",53,yellow
46,"POLYGON ((-73.57783070150002 45.49606850850001, -73.57583070150002 45.49606850850001, -73.57583070150002 45.49406850850001, -73.57783070150002 45.49406850850001, -73.57783070150002 45.49606850850001))",32,purple
47,"POLYGON ((-73.57583070150002 45.49606850850001, -73.57383070150003 45.49606850850001, -73.57383070150003 45.49406850850001, -73.57583070150002 45.49406850850001, -73.57583070150002 45.49606850850001))",0,purple
48,"POLYGON ((-73.57383070150003 45.49606850850001, -73.57183070150003 45.49606850850001, -73.57183070150003 45.49406850850001, -73.57383070150003 45.49406850850001, -73.57383070150003 45.49606850850001))",0,purple
49,"POLYGON ((-73.57183070150003 45.49606850850001, -73.56983070150004 45.49606850850001, -73.56983070150004 45.49406850850001, -73.57183070150003 45.49406850850001, -73.57183070150003 45.49606850850001))",0,purple
50,"POLYGON ((-73.56983070150004 45.49606850850001, -73.56783070150004 45.49606850850001, -73.56783070150004 45.49406850850001, -73.56983070150004 45.49406850850001, -73.56983070150004 45.49606850850001))",0,purple
51,"POLYGON ((-73.56783070150004 45.49606850850001, -73.56583070150005 45.49606850850001, -73.56583070150005 45.49406850850001, -73.56783070150004 45.49406850850001, -73.56783070150004 45.49606850850001))",0,purple
52,"POLYGON ((-73.56583070150005 45.49606850850001, -73.56383070150005 45.49606850850001, -73.56383070150005 45.49406850850001, -73.56583070150005 45.49406850850001, -73.56583070150005 45.49606850850001))",0,purple
53,"POLYGON ((-73.56383070150005 45.49606850850001, -73.56183070150006 45.49606850850001, -73.56183070150006 45.49406850850001, -73.56383070150005 45.49406850850001, -73.56383070150005 45.49606850850001))",1,purple
54,"POLYGON ((-73.56183070150006 45.49606850850001, -73.55983070150006 45.49606850850001, -73.55983070150006 45.49406850850001, -73.56183070150006 45.49406850850001, -73.56183070150006 45.49606850850001))",187,yellow
55,"POLYGON ((-73.55983070150006 45.49606850850001, -73.55783070150007 45.49606850850001, -73.55783070150007 45.49406850850001, -73.55983070150006 45.49406850850001, -73.55983070150006 45.49606850850001))",16,purple
56,"POLYGON ((-73.55783070150007 45.49606850850001, -73.55583070150007 45.49606850850001, -73.55583070150007 45.49406850850001, -73.55783070150007 45.49406850850001, -73.55783070150007 45.49606850850001))",11,purple
57,"POLYGON ((-73.55583070150007 45.49606850850001, -73.55383070150008 45.49606850850001, -73.55383070150008 45.49406850850001, -73.55583070150007 45.49406850850001, -73.55583070150007 45.49606850850001))",0,purple
58,"POLYGON ((-73.55383070150008 45.49606850850001, -73.55183070150008 45.49606850850001, -73.55183070150008 45.49406850850001, -73.55383070150008 45.49406850850001, -73.55383070150008 45.49606850850001))",28,purple
59,"POLYGON ((-73.55183070150008 45.49606850850001, -73.54983070150008 45.49606850850001, -73.54983070150008 45.49406850850001, -73.55183070150008 45.49406850850001, -73.55183070150008 45.49606850850001))",84,yellow
60,"POLYGON ((-73.58983070149999 45.49806850850001, -73.5878307015 45.49806850850001, -73.5878307015 45.49606850850001, -73.58983070149999 45.49606850850001, -73.58983070149999 45.49806850850001))",24,purple
61,"POLYGON ((-73.5878307015 45.49806850850001, -73.5858307015 45.49806850850001, -73.5858307015 45.49606850850001, -73.5878307015 45.49606850850001, -73.5878307015 45.49806850850001))",35,yellow
62,"POLYGON ((-73.5858307015 45.49806850850001, -73.58383070150001 45.49806850850001, -73.58383070150001 45.49606850850001, -73.5858307015 45.49606850850001, -73.5858307015 45.49806850850001))",108,yellow
63,"POLYGON ((-73.58383070150001 45.49806850850001, -73.58183070150001 45.49806850850001, -73.58183070150001 45.49606850850001, -73.58383070150001 45.49606850850001, -73.58383070150001 45.49806850850001))",14,purple
64,"POLYGON ((-73.58183070150001 45.49806850850001, -73.57983070150001 45.49806850850001, -73.57983070150001 45.49606850850001, -73.58183070150001 45.49606850850001, -73.58183070150001 45.49806850850001))",69,yellow
65,"POLYGON ((-73.57983070150001 45.49806850850001, -73.57783070150002 45.49806850850001, -73.57783070150002 45.49606850850001, -73.57983070150001 45.49606850850001, -73.57983070150001 45.49806850850001))",23,purple
66,"POLYGON ((-73.57783070150002 45.49806850850001, -73.57583070150002 45.49806850850001, -73.57583070150002 45.49606850850001, -73.57783070150002 45.49606850850001, -73.57783070150002 45.49806850850001))",90,yellow
67,"POLYGON ((-73.57583070150002 45.49806850850001, -73.57383070150003 45.49806850850001, -73.57383070150003 45.49606850850001, -73.57583070150002 45.49606850850001, -73.57583070150002 45.49806850850001))",0,purple
68,"POLYGON ((-73.57383070150003 45.49806850850001, -73.57183070150003 45.49806850850001, -73.57183070150003 45.49606850850001, -73.57383070150003 45.49606850850001, -73.57383070150003 45.49806850850001))",5,purple
69,"POLYGON ((-73.57183070150003 45.49806850850001, -73.56983070150004 45.49806850850001, -73.56983070150004 45.49606850850001, -73.57183070150003 45.49606850850001, -73.57183070150003 45.49806850850001))",0,purple
70,"POLYGON ((-73.56983070150004 45.49806850850001, -73.56783070150004 45.49806850850001, -73.56783070150004 45.49606850850001, -73.56983070150004 45.49606850850001, -73.56983070150004 45.49806850850001))",0,purple
71,"POLYGON ((-73.56783070150004 45.49806850850001, -73.56583070150005 45.49806850850001, -73.56583070150005 45.49606850850001, -73.56783070150004 45.49606850850001, -73.56783070150004 45.49806850850001))",0,purple
72,"POLYGON ((-73.56583070150005 45.49806850850001, -73.56383070150005 45.49806850850001, -73.56383070150005 45.49606850850001, -73.56583070150005 45.49606850850001, -73.56583070150005 45.49806850850001))",22,purple
73,"POLYGON ((-73.56383070150005 45.49806850850001, -73.56183070150006 45.49806850850001, -73.56183070150006 45.49606850850001, -73.56383070150005 45.49606850850001, -73.56383070150005 45.49806850850001))",35,yellow
74,"POLYGON ((-73.56183070150006 45.49806850850001, -73.55983070150006 45.49806850850001, -73.55983070150006 45.49606850850001, -73.56183070150006 45.49606850850001, -73.56183070150006 45.49806850850001))",17,purple
75,"POLYGON ((-73.55983070150006 45.49806850850001, -73.55783070150007 45.49806850850001, -73.55783070150007 45.49606850850001, -73.55983070150006 45.49606850850001, -73.55983070150006 45.49806850850001))",30,purple
76,"POLYGON ((-73.55783070150007 45.49806850850001, -73.55583070150007 45.49806850850001, -73.55583070150007 45.49606850850001, -73.55783070150007 45.49606850850001, -73.55783070150007 45.49806850850001))",10,purple
77,"POLYGON ((-73.55583070150007 45.49806850850001, -73.55383070150008 45.49806850850001, -73.55383070150008 45.49606850850001, -73.55583070150007 45.49606850850001, -73.55583070150007 45.49806850850001))",65,yellow
78,"POLYGON ((-73.55383070150008 45.49806850850001, -73.55183070150008 45.49806850850001, -73.55183070150008 45.49606850850001, -73.55383070150008 45.49606850850001, -73.55383070150008 45.49806850850001))",81,yellow
79,"POLYGON ((-73.55183070150008 45.49806850850001, -73.54983070150008 45.49806850850001, -73.54983070150008 45.49606850850001, -73.55183070150008 45.49606850850001, -73.55183070150008 45.49806850850001))",42,yellow
80,"POLYGON ((-73.58983070149999 45.50006850850001, -73.5878307015 45.50006850850001, -73.5878307015 45.49806850850001, -73.58983070149999 45.49806850850001, -73.58983070149999 45.50006850850001))",0,purple
81,"POLYGON ((-73.5878307015 45.50006850850001, -73.5858307015 45.50006850850001, -73.5858307015 45.49806850850001, -73.5878307015 45.49806850850001, -73.5878307015 45.50006850850001))",65,yellow
82,"POLYGON ((-73.5858307015 45.50006850850001, -73.58383070150001 45.50006850850001, -73.58383070150001 45.49806850850001, -73.5858307015 45.49806850850001, -73.5858307015 45.50006850850001))",38,yellow
83,"POLYGON ((-73.58383070150001 45.50006850850001, -73.58183070150001 45.50006850850001, -73.58183070150001 45.49806850850001, -73.58383070150001 45.49806850850001, -73.58383070150001 45.50006850850001))",102,yellow
84,"POLYGON ((-73.58183070150001 45.50006850850001, -73.57983070150001 45.50006850850001, -73.57983070150001 45.49806850850001, -73.58183070150001 45.49806850850001, -73.58183070150001 45.50006850850001))",33,purple
85,"POLYGON ((-73.57983070150001 45.50006850850001, -73.57783070150002 45.50006850850001, -73.57783070150002 45.49806850850001, -73.57983070150001 45.49806850850001, -73.57983070150001 45.50006850850001))",92,yellow
86,"POLYGON ((-73.57783070150002 45.50006850850001, -73.57583070150002 45.50006850850001, -73.57583070150002 45.49806850850001, -73.57783070150002 45.49806850850001, -73.57783070150002 45.50006850850001))",37,yellow
87,"POLYGON ((-73.57583070150002 45.50006850850001, -73.57383070150003 45.50006850850001, -73.57383070150003 45.49806850850001, -73.57583070150002 45.49806850850001, -73.57583070150002 45.50006850850001))",39,yellow
88,"POLYGON ((-73.57383070150003 45.50006850850001, -73.57183070150003 45.50006850850001, -73.57183070150003 45.49806850850001, -73.57383070150003 45.49806850850001, -73.57383070150003 45.50006850850001))",0,purple
89,"POLYGON ((-73.57183070150003 45.50006850850001, -73.56983070150004 45.50006850850001, -73.56983070150004 45.49806850850001, -73.57183070150003 45.49806850850001, -73.57183070150003 45.50006850850001))",0,purple
90,"POLYGON ((-73.56983070150004 45.50006850850001, -73.56783070150004 45.50006850850001, -73.56783070150004 45.49806850850001, -73.56983070150004 45.49806850850001, -73.56983070150004 45.50006850850001))",55,yellow
91,"POLYGON ((-73.56783070150004 45.50006850850001, -73.56583070150005 45.50006850850001, -73.56583070150005 45.49806850850001, -73.56783070150004 45.49806850850001, -73.56783070150004 45.50006850850001))",9,purple
92,"POLYGON ((-73.56583070150005 45.50006850850001, -73.56383070150005 45.50006850850001, -73.56383070150005 45.49806850850001, -73.56583070150005 45.49806850850001, -73.56583070150005 45.50006850850001))",1,purple
93,"POLYGON ((-73.56383070150005 45.50006850850001, -73.56183070150006 45.50006850850001, -73.56183070150006 45.49806850850001, -73.56383070150005 45.49806850850001, -73.56383070150005 45.50006850850001))",20,purple
94,"POLYGON ((-73.56183070150006 45.50006850850001, -73.55983070150006 45.50006850850001, -73.55983070150006 45.49806850850001, -73.56183070150006 45.49806850850001, -73.56183070150006 45.50006850850001))",31,purple
95,"POLYGON ((-73.55983070150006 45.50006850850001, -73.55783070150007 45.50006850850001, -73.55783070150007 45.49806850850001, -73.55983070150006 45.49806850850001, -73.55983070150006 45.50006850850001))",40,yellow
96,"POLYGON ((-73.55783070150007 45.50006850850001, -73.55583070150007 45.50006850850001, -73.55583070150007 45.49806850850001, -73.55783070150007 45.49806850850001, -73.55783070150007 45.50006850850001))",97,yellow
97,"POLYGON ((-73.55583070150007 45.50006850850001, -73.55383070150008 45.50006850850001, -73.55383070150008 45.49806850850001, -73.55583070150007 45.49806850850001, -73.55583070150007 45.50006850850001))",158,yellow
98,"POLYGON ((-73.55383070150008 45.50006850850001, -73.55183070150008 45.50006850850001, -73.55183070150008 45.49806850850001, -73.55383070150008 45.49806850850001, -73.55383070150008 45.50006850850001))",101,yellow
99,"POLYGON ((-73.55183070150008 45.50006850850001, -73.54983070150008 45.50006850850001, -73.54983070150008 45.49806850850001, -73.55183070150008 45.49806850850001, -73.55183070150008 45.50006850850001))",112,yellow
100,"POLYGON ((-73.58983070149999 45.50206850850002, -73.5878307015 45.50206850850002, -73.5878307015 45.50006850850001, -73.58983070149999 45.50006850850001, -73.58983070149999 45.50206850850002))",82,yellow
101,"POLYGON ((-73.5878307015 45.50206850850002, -73.5858307015 45.50206850850002, -73.5858307015 45.50006850850001, -73.5878307015 45.50006850850001, -73.5878307015 45.50206850850002))",31,purple
102,"POLYGON ((-73.5858307015 45.50206850850002, -73.58383070150001 45.50206850850002, -73.58383070150001 45.50006850850001, -73.5858307015 45.50006850850001, -73.5858307015 45.50206850850002))",41,yellow
103,"POLYGON ((-73.58383070150001 45.50206850850002, -73.58183070150001 45.50206850850002, -73.58183070150001 45.50006850850001, -73.58383070150001 45.50006850850001, -73.58383070150001 45.50206850850002))",25,purple
104,"POLYGON ((-73.58183070150001 45.50206850850002, -73.57983070150001 45.50206850850002, -73.57983070150001 45.50006850850001, -73.58183070150001 45.50006850850001, -73.58183070150001 45.50206850850002))",95,yellow
105,"POLYGON ((-73.57983070150001 45.50206850850002, -73.57783070150002 45.50206850850002, -73.57783070150002 45.50006850850001, -73.57983070150001 45.50006850850001, -73.57983070150001 45.50206850850002))",14,purple
106,"POLYGON ((-73.57783070150002 45.50206850850002, -73.57583070150002 45.50206850850002, -73.57583070150002 45.50006850850001, -73.57783070150002 45.50006850850001, -73.57783070150002 45.50206850850002))",158,yellow
107,"POLYGON ((-73.57583070150002 45.50206850850002, -73.57383070150003 45.50206850850002, -73.57383070150003 45.50006850850001, -73.57583070150002 45.50006850850001, -73.57583070150002 45.50206850850002))",41,yellow
108,"POLYGON ((-73.57383070150003 45.50206850850002, -73.57183070150003 45.50206850850002, -73.57183070150003 45.50006850850001, -73.57383070150003 45.50006850850001, -73.57383070150003 45.50206850850002))",0,purple
109,"POLYGON ((-73.57183070150003 45.50206850850002, -73.56983070150004 45.50206850850002, -73.56983070150004 45.50006850850001, -73.57183070150003 45.50006850850001, -73.57183070150003 45.50206850850002))",15,purple
110,"POLYGON ((-73.56983070150004 45.50206850850002, -73.56783070150004 45.50206850850002, -73.56783070150004 45.50006850850001, -73.56983070150004 45.50006850850001, -73.56983070150004 45.50206850850002))",52,yellow
111,"POLYGON ((-73.56783070150004 45.50206850850002, -73.56583070150005 45.50206850850002, -73.56583070150005 45.50006850850001, -73.56783070150004 45.50006850850001, -73.56783070150004 45.50206850850002))",9,purple
112,"POLYGON ((-73.56583070150005 45.50206850850002, -73.56383070150005 45.50206850850002, -73.56383070150005 45.50006850850001, -73.56583070150005 45.50006850850001, -73.56583070150005 45.50206850850002))",15,purple
113,"POLYGON ((-73.56383070150005 45.50206850850002, -73.56183070150006 45.50206850850002, -73.56183070150006 45.50006850850001, -73.56383070150005 45.50006850850001, -73.56383070150005 45.50206850850002))",10,purple
114,"POLYGON ((-73.56183070150006 45.50206850850002, -73.55983070150006 45.50206850850002, -73.55983070150006 45.50006850850001, -73.56183070150006 45.50006850850001, -73.56183070150006 45.50206850850002))",66,yellow
115,"POLYGON ((-73.55983070150006 45.50206850850002, -73.55783070150007 45.50206850850002, -73.55783070150007 45.50006850850001, -73.55983070150006 45.50006850850001, -73.55983070150006 45.50206850850002))",58,yellow
116,"POLYGON ((-73.55783070150007 45.50206850850002, -73.55583070150007 45.50206850850002, -73.55583070150007 45.50006850850001, -73.55783070150007 45.50006850850001, -73.55783070150007 45.50206850850002))",165,yellow
117,"POLYGON ((-73.55583070150007 45.50206850850002, -73.55383070150008 45.50206850850002, -73.55383070150008 45.50006850850001, -73.55583070150007 45.50006850850001, -73.55583070150007 45.50206850850002))",165,yellow
118,"POLYGON ((-73.55383070150008 45.50206850850002, -73.55183070150008 45.50206850850002, -73.55183070150008 45.50006850850001, -73.55383070150008 45.50006850850001, -73.55383070150008 45.50206850850002))",118,yellow
119,"POLYGON ((-73.55183070150008 45.50206850850002, -73.54983070150008 45.50206850850002, -73.54983070150008 45.50006850850001, -73.55183070150008 45.50006850850001, -73.55183070150008 45.50206850850002))",10,purple
120,"POLYGON ((-73.58983070149999 45.50406850850002, -73.5878307015 45.50406850850002, -73.5878307015 45.50206850850002, -73.58983070149999 45.50206850850002, -73.58983070149999 45.50406850850002))",5,purple
121,"POLYGON ((-73.5878307015 45.50406850850002, -73.5858307015 45.50406850850002, -73.5858307015 45.50206850850002, -73.5878307015 45.50206850850002, -73.5878307015 45.50406850850002))",53,yellow
122,"POLYGON ((-73.5858307015 45.50406850850002, -73.58383070150001 45.50406850850002, -73.58383070150001 45.50206850850002, -73.5858307015 45.50206850850002, -73.5858307015 45.50406850850002))",12,purple
123,"POLYGON ((-73.58383070150001 45.50406850850002, -73.58183070150001 45.50406850850002, -73.58183070150001 45.50206850850002, -73.58383070150001 45.50206850850002, -73.58383070150001 45.50406850850002))",49,yellow
124,"POLYGON ((-73.58183070150001 45.50406850850002, -73.57983070150001 45.50406850850002, -73.57983070150001 45.50206850850002, -73.58183070150001 45.50206850850002, -73.58183070150001 45.50406850850002))",68,yellow
125,"POLYGON ((-73.57983070150001 45.50406850850002, -73.57783070150002 45.50406850850002, -73.57783070150002 45.50206850850002, -73.57983070150001 45.50206850850002, -73.57983070150001 45.50406850850002))",83,yellow
126,"POLYGON ((-73.57783070150002 45.50406850850002, -73.57583070150002 45.50406850850002, -73.57583070150002 45.50206850850002, -73.57783070150002 45.50206850850002, -73.57783070150002 45.50406850850002))",85,yellow
127,"POLYGON ((-73.57583070150002 45.50406850850002, -73.57383070150003 45.50406850850002, -73.57383070150003 45.50206850850002, -73.57583070150002 45.50206850850002, -73.57583070150002 45.50406850850002))",74,yellow
128,"POLYGON ((-73.57383070150003 45.50406850850002, -73.57183070150003 45.50406850850002, -73.57183070150003 45.50206850850002, -73.57383070150003 45.50206850850002, -73.57383070150003 45.50406850850002))",21,purple
129,"POLYGON ((-73.57183070150003 45.50406850850002, -73.56983070150004 45.50406850850002, -73.56983070150004 45.50206850850002, -73.57183070150003 45.50206850850002, -73.57183070150003 45.50406850850002))",9,purple
130,"POLYGON ((-73.56983070150004 45.50406850850002, -73.56783070150004 45.50406850850002, -73.56783070150004 45.50206850850002, -73.56983070150004 45.50206850850002, -73.56983070150004 45.50406850850002))",101,yellow
131,"POLYGON ((-73.56783070150004 45.50406850850002, -73.56583070150005 45.50406850850002, -73.56583070150005 45.50206850850002, -73.56783070150004 45.50206850850002, -73.56783070150004 45.50406850850002))",44,yellow
132,"POLYGON ((-73.56583070150005 45.50406850850002, -73.56383070150005 45.50406850850002, -73.56383070150005 45.50206850850002, -73.56583070150005 45.50206850850002, -73.56583070150005 45.50406850850002))",0,purple
133,"POLYGON ((-73.56383070150005 45.50406850850002, -73.56183070150006 45.50406850850002, -73.56183070150006 45.50206850850002, -73.56383070150005 45.50206850850002, -73.56383070150005 45.50406850850002))",10,purple
134,"POLYGON ((-73.56183070150006 45.50406850850002, -73.55983070150006 45.50406850850002, -73.55983070150006 45.50206850850002, -73.56183070150006 45.50206850850002, -73.56183070150006 45.50406850850002))",91,yellow
135,"POLYGON ((-73.55983070150006 45.50406850850002, -73.55783070150007 45.50406850850002, -73.55783070150007 45.50206850850002, -73.55983070150006 45.50206850850002, -73.55983070150006 45.50406850850002))",278,yellow
136,"POLYGON ((-73.55783070150007 45.50406850850002, -73.55583070150007 45.50406850850002, -73.55583070150007 45.50206850850002, -73.55783070150007 45.50206850850002, -73.55783070150007 45.50406850850002))",53,yellow
137,"POLYGON ((-73.55583070150007 45.50406850850002, -73.55383070150008 45.50406850850002, -73.55383070150008 45.50206850850002, -73.55583070150007 45.50206850850002, -73.55583070150007 45.50406850850002))",106,yellow
138,"POLYGON ((-73.55383070150008 45.50406850850002, -73.55183070150008 45.50406850850002, -73.55183070150008 45.50206850850002, -73.55383070150008 45.50206850850002, -73.55383070150008 45.50406850850002))",46,yellow
139,"POLYGON ((-73.55183070150008 45.50406850850002, -73.54983070150008 45.50406850850002, -73.54983070150008 45.50206850850002, -73.55183070150008 45.50206850850002, -73.55183070150008 45.50406850850002))",14,purple
140,"POLYGON ((-73.58983070149999 45.50606850850002, -73.5878307015 45.50606850850002, -73.5878307015 45.50406850850002, -73.58983070149999 45.50406850850002, -73.58983070149999 45.50606850850002))",41,yellow
141,"POLYGON ((-73.5878307015 45.50606850850002, -73.5858307015 45.50606850850002, -73.5858307015 45.50406850850002, -73.5878307015 45.50406850850002, -73.5878307015 45.50606850850002))",25,purple
142,"POLYGON ((-73.5858307015 45.50606850850002, -73.58383070150001 45.50606850850002, -73.58383070150001 45.50406850850002, -73.5858307015 45.50406850850002, -73.5858307015 45.50606850850002))",97,yellow
143,"POLYGON ((-73.58383070150001 45.50606850850002, -73.58183070150001 45.50606850850002, -73.58183070150001 45.50406850850002, -73.58383070150001 45.50406850850002, -73.58383070150001 45.50606850850002))",36,yellow
144,"POLYGON ((-73.58183070150001 45.50606850850002, -73.57983070150001 45.50606850850002, -73.57983070150001 45.50406850850002, -73.58183070150001 45.50406850850002, -73.58183070150001 45.50606850850002))",25,purple
145,"POLYGON ((-73.57983070150001 45.50606850850002, -73.57783070150002 45.50606850850002, -73.57783070150002 45.50406850850002, -73.57983070150001 45.50406850850002, -73.57983070150001 45.50606850850002))",0,purple
146,"POLYGON ((-73.57783070150002 45.50606850850002, -73.57583070150002 45.50606850850002, -73.57583070150002 45.50406850850002, -73.57783070150002 45.50406850850002, -73.57783070150002 45.50606850850002))",73,yellow
147,"POLYGON ((-73.57583070150002 45.50606850850002, -73.57383070150003 45.50606850850002, -73.57383070150003 45.50406850850002, -73.57583070150002 45.50406850850002, -73.57583070150002 45.50606850850002))",179,yellow
148,"POLYGON ((-73.57383070150003 45.50606850850002, -73.57183070150003 45.50606850850002, -73.57183070150003 45.50406850850002, -73.57383070150003 45.50406850850002, -73.57383070150003 45.50606850850002))",2,purple
149,"POLYGON ((-73.57183070150003 45.50606850850002, -73.56983070150004 45.50606850850002, -73.56983070150004 45.50406850850002, -73.57183070150003 45.50406850850002, -73.57183070150003 45.50606850850002))",55,yellow
150,"POLYGON ((-73.56983070150004 45.50606850850002, -73.56783070150004 45.50606850850002, -73.56783070150004 45.50406850850002, -73.56983070150004 45.50406850850002, -73.56983070150004 45.50606850850002))",93,yellow
151,"POLYGON ((-73.56783070150004 45.50606850850002, -73.56583070150005 45.50606850850002, -73.56583070150005 45.50406850850002, -73.56783070150004 45.50406850850002, -73.56783070150004 45.50606850850002))",149,yellow
152,"POLYGON ((-73.56583070150005 45.50606850850002, -73.56383070150005 45.50606850850002, -73.56383070150005 45.50406850850002, -73.56583070150005 45.50406850850002, -73.56583070150005 45.50606850850002))",25,purple
153,"POLYGON ((-73.56383070150005 45.50606850850002, -73.56183070150006 45.50606850850002, -73.56183070150006 45.50406850850002, -73.56383070150005 45.50406850850002, -73.56383070150005 45.50606850850002))",45,yellow
154,"POLYGON ((-73.56183070150006 45.50606850850002, -73.55983070150006 45.50606850850002, -73.55983070150006 45.50406850850002, -73.56183070150006 45.50406850850002, -73.56183070150006 45.50606850850002))",191,yellow
155,"POLYGON ((-73.55983070150006 45.50606850850002, -73.55783070150007 45.50606850850002, -73.55783070150007 45.50406850850002, -73.55983070150006 45.50406850850002, -73.55983070150006 45.50606850850002))",56,yellow
156,"POLYGON ((-73.55783070150007 45.50606850850002, -73.55583070150007 45.50606850850002, -73.55583070150007 45.50406850850002, -73.55783070150007 45.50406850850002, -73.55783070150007 45.50606850850002))",85,yellow
157,"POLYGON ((-73.55583070150007 45.50606850850002, -73.55383070150008 45.50606850850002, -73.55383070150008 45.50406850850002, -73.55583070150007 45.50406850850002, -73.55583070150007 45.50606850850002))",38,yellow
158,"POLYGON ((-73.55383070150008 45.50606850850002, -73.55183070150008 45.50606850850002, -73.55183070150008 45.50406850850002, -73.55383070150008 45.50406850850002, -73.55383070150008 45.50606850850002))",25,purple
159,"POLYGON ((-73.55183070150008 45.50606850850002, -73.54983070150008 45.50606850850002, -73.54983070150008 45.50406850850002, -73.55183070150008 45.50406850850002, -73.55183070150008 45.50606850850002))",16,purple
160,"POLYGON ((-73.58983070149999 45.50806850850002, -73.5878307015 45.50806850850002, -73.5878307015 45.50606850850002, -73.58983070149999 45.50606850850002, -73.58983070149999 45.50806850850002))",19,purple
161,"POLYGON ((-73.5878307015 45.50806850850002, -73.5858307015 45.50806850850002, -73.5858307015 45.50606850850002, -73.5878307015 45.50606850850002, -73.5878307015 45.50806850850002))",58,yellow
162,"POLYGON ((-73.5858307015 45.50806850850002, -73.58383070150001 45.50806850850002, -73.58383070150001 45.50606850850002, -73.5858307015 45.50606850850002, -73.5858307015 45.50806850850002))",9,purple
163,"POLYGON ((-73.58383070150001 45.50806850850002, -73.58183070150001 45.50806850850002, -73.58183070150001 45.50606850850002, -73.58383070150001 45.50606850850002, -73.58383070150001 45.50806850850002))",39,yellow
164,"POLYGON ((-73.58183070150001 45.50806850850002, -73.57983070150001 45.50806850850002, -73.57983070150001 45.50606850850002, -73.58183070150001 45.50606850850002, -73.58183070150001 45.50806850850002))",28,purple
165,"POLYGON ((-73.57983070150001 45.50806850850002, -73.57783070150002 45.50806850850002, -73.57783070150002 45.50606850850002, -73.57983070150001 45.50606850850002, -73.57983070150001 45.50806850850002))",139,yellow
166,"POLYGON ((-73.57783070150002 45.50806850850002, -73.57583070150002 45.50806850850002, -73.57583070150002 45.50606850850002, -73.57783070150002 45.50606850850002, -73.57783070150002 45.50806850850002))",18,purple
167,"POLYGON ((-73.57583070150002 45.50806850850002, -73.57383070150003 45.50806850850002, -73.57383070150003 45.50606850850002, -73.57583070150002 45.50606850850002, -73.57583070150002 45.50806850850002))",53,yellow
168,"POLYGON ((-73.57383070150003 45.50806850850002, -73.57183070150003 45.50806850850002, -73.57183070150003 45.50606850850002, -73.57383070150003 45.50606850850002, -73.57383070150003 45.50806850850002))",132,yellow
169,"POLYGON ((-73.57183070150003 45.50806850850002, -73.56983070150004 45.50806850850002, -73.56983070150004 45.50606850850002, -73.57183070150003 45.50606850850002, -73.57183070150003 45.50806850850002))",70,yellow
170,"POLYGON ((-73.56983070150004 45.50806850850002, -73.56783070150004 45.50806850850002, -73.56783070150004 45.50606850850002, -73.56983070150004 45.50606850850002, -73.56983070150004 45.50806850850002))",30,purple
171,"POLYGON ((-73.56783070150004 45.50806850850002, -73.56583070150005 45.50806850850002, -73.56583070150005 45.50606850850002, -73.56783070150004 45.50606850850002, -73.56783070150004 45.50806850850002))",111,yellow
172,"POLYGON ((-73.56583070150005 45.50806850850002, -73.56383070150005 45.50806850850002, -73.56383070150005 45.50606850850002, -73.56583070150005 45.50606850850002, -73.56583070150005 45.50806850850002))",46,yellow
173,"POLYGON ((-73.56383070150005 45.50806850850002, -73.56183070150006 45.50806850850002, -73.56183070150006 45.50606850850002, -73.56383070150005 45.50606850850002, -73.56383070150005 45.50806850850002))",25,purple
174,"POLYGON ((-73.56183070150006 45.50806850850002, -73.55983070150006 45.50806850850002, -73.55983070150006 45.50606850850002, -73.56183070150006 45.50606850850002, -73.56183070150006 45.50806850850002))",103,yellow
175,"POLYGON ((-73.55983070150006 45.50806850850002, -73.55783070150007 45.50806850850002, -73.55783070150007 45.50606850850002, -73.55983070150006 45.50606850850002, -73.55983070150006 45.50806850850002))",95,yellow
176,"POLYGON ((-73.55783070150007 45.50806850850002, -73.55583070150007 45.50806850850002, -73.55583070150007 45.50606850850002, -73.55783070150007 45.50606850850002, -73.55783070150007 45.50806850850002))",46,yellow
177,"POLYGON ((-73.55583070150007 45.50806850850002, -73.55383070150008 45.50806850850002, -73.55383070150008 45.50606850850002, -73.55583070150007 45.50606850850002, -73.55583070150007 45.50806850850002))",137,yellow
178,"POLYGON ((-73.55383070150008 45.50806850850002, -73.55183070150008 45.50806850850002, -73.55183070150008 45.50606850850002, -73.55383070150008 45.50606850850002, -73.55383070150008 45.50806850850002))",39,yellow
179,"POLYGON ((-73.55183070150008 45.50806850850002, -73.54983070150008 45.50806850850002, -73.54983070150008 45.50606850850002, -73.55183070150008 45.50606850850002, -73.55183070150008 45.50806850850002))",5,purple
180,"POLYGON ((-73.58983070149999 45.51006850850003, -73.5878307015 45.51006850850003, -73.5878307015 45.50806850850002, -73.58983070149999 45.50806850850002, -73.58983070149999 45.51006850850003))",32,purple
181,"POLYGON ((-73.5878307015 45.51006850850003, -73.5858307015 45.51006850850003, -73.5858307015 45.50806850850002, -73.5878307015 45.50806850850002, -73.5878307015 45.51006850850003))",21,purple
182,"POLYGON ((-73.5858307015 45.51006850850003, -73.58383070150001 45.51006850850003, -73.58383070150001 45.50806850850002, -73.5858307015 45.50806850850002, -73.5858307015 45.51006850850003))",0,purple
183,"POLYGON ((-73.58383070150001 45.51006850850003, -73.58183070150001 45.51006850850003, -73.58183070150001 45.50806850850002, -73.58383070150001 45.50806850850002, -73.58383070150001 45.51006850850003))",53,yellow
184,"POLYGON ((-73.58183070150001 45.51006850850003, -73.57983070150001 45.51006850850003, -73.57983070150001 45.50806850850002, -73.58183070150001 45.50806850850002, -73.58183070150001 45.51006850850003))",66,yellow
185,"POLYGON ((-73.57983070150001 45.51006850850003, -73.57783070150002 45.51006850850003, -73.57783070150002 45.50806850850002, -73.57983070150001 45.50806850850002, -73.57983070150001 45.51006850850003))",30,purple
186,"POLYGON ((-73.57783070150002 45.51006850850003, -73.57583070150002 45.51006850850003, -73.57583070150002 45.50806850850002, -73.57783070150002 45.50806850850002, -73.57783070150002 45.51006850850003))",57,yellow
187,"POLYGON ((-73.57583070150002 45.51006850850003, -73.57383070150003 45.51006850850003, -73.57383070150003 45.50806850850002, -73.57583070150002 45.50806850850002, -73.57583070150002 45.51006850850003))",140,yellow
188,"POLYGON ((-73.57383070150003 45.51006850850003, -73.57183070150003 45.51006850850003, -73.57183070150003 45.50806850850002, -73.57383070150003 45.50806850850002, -73.57383070150003 45.51006850850003))",100,yellow
189,"POLYGON ((-73.57183070150003 45.51006850850003, -73.56983070150004 45.51006850850003, -73.56983070150004 45.50806850850002, -73.57183070150003 45.50806850850002, -73.57183070150003 45.51006850850003))",92,yellow
190,"POLYGON ((-73.56983070150004 45.51006850850003, -73.56783070150004 45.51006850850003, -73.56783070150004 45.50806850850002, -73.56983070150004 45.50806850850002, -73.56983070150004 45.51006850850003))",145,yellow
191,"POLYGON ((-73.56783070150004 45.51006850850003, -73.56583070150005 45.51006850850003, -73.56583070150005 45.50806850850002, -73.56783070150004 45.50806850850002, -73.56783070150004 45.51006850850003))",134,yellow
192,"POLYGON ((-73.56583070150005 45.51006850850003, -73.56383070150005 45.51006850850003, -73.56383070150005 45.50806850850002, -73.56583070150005 45.50806850850002, -73.56583070150005 45.51006850850003))",85,yellow
193,"POLYGON ((-73.56383070150005 45.51006850850003, -73.56183070150006 45.51006850850003, -73.56183070150006 45.50806850850002, -73.56383070150005 45.50806850850002, -73.56383070150005 45.51006850850003))",0,purple
194,"POLYGON ((-73.56183070150006 45.51006850850003, -73.55983070150006 45.51006850850003, -73.55983070150006 45.50806850850002, -73.56183070150006 45.50806850850002, -73.56183070150006 45.51006850850003))",192,yellow
195,"POLYGON ((-73.55983070150006 45.51006850850003, -73.55783070150007 45.51006850850003, -73.55783070150007 45.50806850850002, -73.55983070150006 45.50806850850002, -73.55983070150006 45.51006850850003))",99,yellow
196,"POLYGON ((-73.55783070150007 45.51006850850003, -73.55583070150007 45.51006850850003, -73.55583070150007 45.50806850850002, -73.55783070150007 45.50806850850002, -73.55783070150007 45.51006850850003))",77,yellow
197,"POLYGON ((-73.55583070150007 45.51006850850003, -73.55383070150008 45.51006850850003, -73.55383070150008 45.50806850850002, -73.55583070150007 45.50806850850002, -73.55583070150007 45.51006850850003))",37,yellow
198,"POLYGON ((-73.55383070150008 45.51006850850003, -73.55183070150008 45.51006850850003, -73.55183070150008 45.50806850850002, -73.55383070150008 45.50806850850002, -73.55383070150008 45.51006850850003))",12,purple
199,"POLYGON ((-73.55183070150008 45.51006850850003, -73.54983070150008 45.51006850850003, -73.54983070150008 45.50806850850002, -73.55183070150008 45.50806850850002, -73.55183070150008 45.51006850850003))",13,purple
200,"POLYGON ((-73.58983070149999 45.51206850850003, -73.5878307015 45.51206850850003, -73.5878307015 45.51006850850003, -73.58983070149999 45.51006850850003, -73.58983070149999 45.51206850850003))",0,purple
201,"POLYGON ((-73.5878307015 45.51206850850003, -73.5858307015 45.51206850850003, -73.5858307015 45.51006850850003, -73.5878307015 45.51006850850003, -73.5878307015 45.51206850850003))",0,purple
202,"POLYGON ((-73.5858307015 45.51206850850003, -73.58383070150001 45.51206850850003, -73.58383070150001 45.51006850850003, -73.5858307015 45.51006850850003, -73.5858307015 45.51206850850003))",0,purple
203,"POLYGON ((-73.58383070150001 45.51206850850003, -73.58183070150001 45.51206850850003, -73.58183070150001 45.51006850850003, -73.58383070150001 45.51006850850003, -73.58383070150001 45.51206850850003))",35,yellow
204,"POLYGON ((-73.58183070150001 45.51206850850003, -73.57983070150001 45.51206850850003, -73.57983070150001 45.51006850850003, -73.58183070150001 45.51006850850003, -73.58183070150001 45.51206850850003))",52,yellow
205,"POLYGON ((-73.57983070150001 45.51206850850003, -73.57783070150002 45.51206850850003, -73.57783070150002 45.51006850850003, -73.57983070150001 45.51006850850003, -73.57983070150001 45.51206850850003))",70,yellow
206,"POLYGON ((-73.57783070150002 45.51206850850003, -73.57583070150002 45.51206850850003, -73.57583070150002 45.51006850850003, -73.57783070150002 45.51006850850003, -73.57783070150002 45.51206850850003))",40,yellow
207,"POLYGON ((-73.57583070150002 45.51206850850003, -73.57383070150003 45.51206850850003, -73.57383070150003 45.51006850850003, -73.57583070150002 45.51006850850003, -73.57583070150002 45.51206850850003))",149,yellow
208,"POLYGON ((-73.57383070150003 45.51206850850003, -73.57183070150003 45.51206850850003, -73.57183070150003 45.51006850850003, -73.57383070150003 45.51006850850003, -73.57383070150003 45.51206850850003))",158,yellow
209,"POLYGON ((-73.57183070150003 45.51206850850003, -73.56983070150004 45.51206850850003, -73.56983070150004 45.51006850850003, -73.57183070150003 45.51006850850003, -73.57183070150003 45.51206850850003))",64,yellow
210,"POLYGON ((-73.56983070150004 45.51206850850003, -73.56783070150004 45.51206850850003, -73.56783070150004 45.51006850850003, -73.56983070150004 45.51006850850003, -73.56983070150004 45.51206850850003))",62,yellow
211,"POLYGON ((-73.56783070150004 45.51206850850003, -73.56583070150005 45.51206850850003, -73.56583070150005 45.51006850850003, -73.56783070150004 45.51006850850003, -73.56783070150004 45.51206850850003))",108,yellow
212,"POLYGON ((-73.56583070150005 45.51206850850003, -73.56383070150005 45.51206850850003, -73.56383070150005 45.51006850850003, -73.56583070150005 45.51006850850003, -73.56583070150005 45.51206850850003))",136,yellow
213,"POLYGON ((-73.56383070150005 45.51206850850003, -73.56183070150006 45.51206850850003, -73.56183070150006 45.51006850850003, -73.56383070150005 45.51006850850003, -73.56383070150005 45.51206850850003))",200,yellow
214,"POLYGON ((-73.56183070150006 45.51206850850003, -73.55983070150006 45.51206850850003, -73.55983070150006 45.51006850850003, -73.56183070150006 45.51006850850003, -73.56183070150006 45.51206850850003))",15,purple
215,"POLYGON ((-73.55983070150006 45.51206850850003, -73.55783070150007 45.51206850850003, -73.55783070150007 45.51006850850003, -73.55983070150006 45.51006850850003, -73.55983070150006 45.51206850850003))",3,purple
216,"POLYGON ((-73.55783070150007 45.51206850850003, -73.55583070150007 45.51206850850003, -73.55583070150007 45.51006850850003, -73.55783070150007 45.51006850850003, -73.55783070150007 45.51206850850003))",19,purple
217,"POLYGON ((-73.55583070150007 45.51206850850003, -73.55383070150008 45.51206850850003, -73.55383070150008 45.51006850850003, -73.55583070150007 45.51006850850003, -73.55583070150007 45.51206850850003))",28,purple
218,"POLYGON ((-73.55383070150008 45.51206850850003, -73.55183070150008 45.51206850850003, -73.55183070150008 45.51006850850003, -73.55383070150008 45.51006850850003, -73.55383070150008 45.51206850850003))",41,yellow
219,"POLYGON ((-73.55183070150008 45.51206850850003, -73.54983070150008 45.51206850850003, -73.54983070150008 45.51006850850003, -73.55183070150008 45.51006850850003, -73.55183070150008 45.51206850850003))",3,purple
220,"POLYGON ((-73.58983070149999 45.51406850850003, -73.5878307015 45.51406850850003, -73.5878307015 45.51206850850003, -73.58983070149999 45.51206850850003, -73.58983070149999 45.51406850850003))",16,purple
221,"POLYGON ((-73.5878307015 45.51406850850003, -73.5858307015 45.51406850850003, -73.5858307015 45.51206850850003, -73.5878307015 45.51206850850003, -73.5878307015 45.51406850850003))",0,purple
222,"POLYGON ((-73.5858307015 45.51406850850003, -73.58383070150001 45.51406850850003, -73.58383070150001 45.51206850850003, -73.5858307015 45.51206850850003, -73.5858307015 45.51406850850003))",0,purple
223,"POLYGON ((-73.58383070150001 45.51406850850003, -73.58183070150001 45.51406850850003, -73.58183070150001 45.51206850850003, -73.58383070150001 45.51206850850003, -73.58383070150001 45.51406850850003))",15,purple
224,"POLYGON ((-73.58183070150001 45.51406850850003, -73.57983070150001 45.51406850850003, -73.57983070150001 45.51206850850003, -73.58183070150001 45.51206850850003, -73.58183070150001 45.51406850850003))",66,yellow
225,"POLYGON ((-73.57983070150001 45.51406850850003, -73.57783070150002 45.51406850850003, -73.57783070150002 45.51206850850003, -73.57983070150001 45.51206850850003, -73.57983070150001 45.51406850850003))",82,yellow
226,"POLYGON ((-73.57783070150002 45.51406850850003, -73.57583070150002 45.51406850850003, -73.57583070150002 45.51206850850003, -73.57783070150002 45.51206850850003, -73.57783070150002 45.51406850850003))",61,yellow
227,"POLYGON ((-73.57583070150002 45.51406850850003, -73.57383070150003 45.51406850850003, -73.57383070150003 45.51206850850003, -73.57583070150002 45.51206850850003, -73.57583070150002 45.51406850850003))",25,purple
228,"POLYGON ((-73.57383070150003 45.51406850850003, -73.57183070150003 45.51406850850003, -73.57183070150003 45.51206850850003, -73.57383070150003 45.51206850850003, -73.57383070150003 45.51406850850003))",81,yellow
229,"POLYGON ((-73.57183070150003 45.51406850850003, -73.56983070150004 45.51406850850003, -73.56983070150004 45.51206850850003, -73.57183070150003 45.51206850850003, -73.57183070150003 45.51406850850003))",95,yellow
230,"POLYGON ((-73.56983070150004 45.51406850850003, -73.56783070150004 45.51406850850003, -73.56783070150004 45.51206850850003, -73.56983070150004 45.51206850850003, -73.56983070150004 45.51406850850003))",13,purple
231,"POLYGON ((-73.56783070150004 45.51406850850003, -73.56583070150005 45.51406850850003, -73.56583070150005 45.51206850850003, -73.56783070150004 45.51206850850003, -73.56783070150004 45.51406850850003))",64,yellow
232,"POLYGON ((-73.56583070150005 45.51406850850003, -73.56383070150005 45.51406850850003, -73.56383070150005 45.51206850850003, -73.56583070150005 45.51206850850003, -73.56583070150005 45.51406850850003))",60,yellow
233,"POLYGON ((-73.56383070150005 45.51406850850003, -73.56183070150006 45.51406850850003, -73.56183070150006 45.51206850850003, -73.56383070150005 45.51206850850003, -73.56383070150005 45.51406850850003))",81,yellow
234,"POLYGON ((-73.56183070150006 45.51406850850003, -73.55983070150006 45.51406850850003, -73.55983070150006 45.51206850850003, -73.56183070150006 45.51206850850003, -73.56183070150006 45.51406850850003))",25,purple
235,"POLYGON ((-73.55983070150006 45.51406850850003, -73.55783070150007 45.51406850850003, -73.55783070150007 45.51206850850003, -73.55983070150006 45.51206850850003, -73.55983070150006 45.51406850850003))",52,yellow
236,"POLYGON ((-73.55783070150007 45.51406850850003, -73.55583070150007 45.51406850850003, -73.55583070150007 45.51206850850003, -73.55783070150007 45.51206850850003, -73.55783070150007 45.51406850850003))",11,purple
237,"POLYGON ((-73.55583070150007 45.51406850850003, -73.55383070150008 45.51406850850003, -73.55383070150008 45.51206850850003, -73.55583070150007 45.51206850850003, -73.55583070150007 45.51406850850003))",24,purple
238,"POLYGON ((-73.55383070150008 45.51406850850003, -73.55183070150008 45.51406850850003, -73.55183070150008 45.51206850850003, -73.55383070150008 45.51206850850003, -73.55383070150008 45.51406850850003))",6,purple
239,"POLYGON ((-73.55183070150008 45.51406850850003, -73.54983070150008 45.51406850850003, -73.54983070150008 45.51206850850003, -73.55183070150008 45.51206850850003, -73.55183070150008 45.51406850850003))",43,yellow
240,"POLYGON ((-73.58983070149999 45.51606850850003, -73.5878307015 45.51606850850003, -73.5878307015 45.51406850850003, -73.58983070149999 45.51406850850003, -73.58983070149999 45.51606850850003))",62,yellow
241,"POLYGON ((-73.5878307015 45.51606850850003, -73.5858307015 45.51606850850003, -73.5858307015 45.51406850850003, -73.5878307015 45.51406850850003, -73.5878307015 45.51606850850003))",9,purple
242,"POLYGON ((-73.5858307015 45.51606850850003, -73.58383070150001 45.51606850850003, -73.58383070150001 45.51406850850003, -73.5858307015 45.51406850850003, -73.5858307015 45.51606850850003))",39,yellow
243,"POLYGON ((-73.58383070150001 45.51606850850003, -73.58183070150001 45.51606850850003, -73.58183070150001 45.51406850850003, -73.58383070150001 45.51406850850003, -73.58383070150001 45.51606850850003))",29,purple
244,"POLYGON ((-73.58183070150001 45.51606850850003, -73.57983070150001 45.51606850850003, -73.57983070150001 45.51406850850003, -73.58183070150001 45.51406850850003, -73.58183070150001 45.51606850850003))",46,yellow
245,"POLYGON ((-73.57983070150001 45.51606850850003, -73.57783070150002 45.51606850850003, -73.57783070150002 45.51406850850003, -73.57983070150001 45.51406850850003, -73.57983070150001 45.51606850850003))",16,purple
246,"POLYGON ((-73.57783070150002 45.51606850850003, -73.57583070150002 45.51606850850003, -73.57583070150002 45.51406850850003, -73.57783070150002 45.51406850850003, -73.57783070150002 45.51606850850003))",40,yellow
247,"POLYGON ((-73.57583070150002 45.51606850850003, -73.57383070150003 45.51606850850003, -73.57383070150003 45.51406850850003, -73.57583070150002 45.51406850850003, -73.57583070150002 45.51606850850003))",94,yellow
248,"POLYGON ((-73.57383070150003 45.51606850850003, -73.57183070150003 45.51606850850003, -73.57183070150003 45.51406850850003, -73.57383070150003 45.51406850850003, -73.57383070150003 45.51606850850003))",0,purple
249,"POLYGON ((-73.57183070150003 45.51606850850003, -73.56983070150004 45.51606850850003, -73.56983070150004 45.51406850850003, -73.57183070150003 45.51406850850003, -73.57183070150003 45.51606850850003))",65,yellow
250,"POLYGON ((-73.56983070150004 45.51606850850003, -73.56783070150004 45.51606850850003, -73.56783070150004 45.51406850850003, -73.56983070150004 45.51406850850003, -73.56983070150004 45.51606850850003))",76,yellow
251,"POLYGON ((-73.56783070150004 45.51606850850003, -73.56583070150005 45.51606850850003, -73.56583070150005 45.51406850850003, -73.56783070150004 45.51406850850003, -73.56783070150004 45.51606850850003))",45,yellow
252,"POLYGON ((-73.56583070150005 45.51606850850003, -73.56383070150005 45.51606850850003, -73.56383070150005 45.51406850850003, -73.56583070150005 45.51406850850003, -73.56583070150005 45.51606850850003))",97,yellow
253,"POLYGON ((-73.56383070150005 45.51606850850003, -73.56183070150006 45.51606850850003, -73.56183070150006 45.51406850850003, -73.56383070150005 45.51406850850003, -73.56383070150005 45.51606850850003))",31,purple
254,"POLYGON ((-73.56183070150006 45.51606850850003, -73.55983070150006 45.51606850850003, -73.55983070150006 45.51406850850003, -73.56183070150006 45.51406850850003, -73.56183070150006 45.51606850850003))",67,yellow
255,"POLYGON ((-73.55983070150006 45.51606850850003, -73.55783070150007 45.51606850850003, -73.55783070150007 45.51406850850003, -73.55983070150006 45.51406850850003, -73.55983070150006 45.51606850850003))",9,purple
256,"POLYGON ((-73.55783070150007 45.51606850850003, -73.55583070150007 45.51606850850003, -73.55583070150007 45.51406850850003, -73.55783070150007 45.51406850850003, -73.55783070150007 45.51606850850003))",13,purple
257,"POLYGON ((-73.55583070150007 45.51606850850003, -73.55383070150008 45.51606850850003, -73.55383070150008 45.51406850850003, -73.55583070150007 45.51406850850003, -73.55583070150007 45.51606850850003))",0,purple
258,"POLYGON ((-73.55383070150008 45.51606850850003, -73.55183070150008 45.51606850850003, -73.55183070150008 45.51406850850003, -73.55383070150008 45.51406850850003, -73.55383070150008 45.51606850850003))",27,purple
259,"POLYGON ((-73.55183070150008 45.51606850850003, -73.54983070150008 45.51606850850003, -73.54983070150008 45.51406850850003, -73.55183070150008 45.51406850850003, -73.55183070150008 45.51606850850003))",6,purple
260,"POLYGON ((-73.58983070149999 45.51806850850004, -73.5878307015 45.51806850850004, -73.5878307015 45.51606850850003, -73.58983070149999 45.51606850850003, -73.58983070149999 45.51806850850004))",51,yellow
261,"POLYGON ((-73.5878307015 45.51806850850004, -73.5858307015 45.51806850850004, -73.5858307015 45.51606850850003, -73.5878307015 45.51606850850003, -73.5878307015 45.51806850850004))",23,purple
262,"POLYGON ((-73.5858307015 45.51806850850004, -73.58383070150001 45.51806850850004, -73.58383070150001 45.51606850850003, -73.5858307015 45.51606850850003, -73.5858307015 45.51806850850004))",0,purple
263,"POLYGON ((-73.58383070150001 45.51806850850004, -73.58183070150001 45.51806850850004, -73.58183070150001 45.51606850850003, -73.58383070150001 45.51606850850003, -73.58383070150001 45.51806850850004))",22,purple
264,"POLYGON ((-73.58183070150001 45.51806850850004, -73.57983070150001 45.51806850850004, -73.57983070150001 45.51606850850003, -73.58183070150001 45.51606850850003, -73.58183070150001 45.51806850850004))",88,yellow
265,"POLYGON ((-73.57983070150001 45.51806850850004, -73.57783070150002 45.51806850850004, -73.57783070150002 45.51606850850003, -73.57983070150001 45.51606850850003, -73.57983070150001 45.51806850850004))",49,yellow
266,"POLYGON ((-73.57783070150002 45.51806850850004, -73.57583070150002 45.51806850850004, -73.57583070150002 45.51606850850003, -73.57783070150002 45.51606850850003, -73.57783070150002 45.51806850850004))",32,purple
267,"POLYGON ((-73.57583070150002 45.51806850850004, -73.57383070150003 45.51806850850004, -73.57383070150003 45.51606850850003, -73.57583070150002 45.51606850850003, -73.57583070150002 45.51806850850004))",126,yellow
268,"POLYGON ((-73.57383070150003 45.51806850850004, -73.57183070150003 45.51806850850004, -73.57183070150003 45.51606850850003, -73.57383070150003 45.51606850850003, -73.57383070150003 45.51806850850004))",62,yellow
269,"POLYGON ((-73.57183070150003 45.51806850850004, -73.56983070150004 45.51806850850004, -73.56983070150004 45.51606850850003, -73.57183070150003 45.51606850850003, -73.57183070150003 45.51806850850004))",63,yellow
270,"POLYGON ((-73.56983070150004 45.51806850850004, -73.56783070150004 45.51806850850004, -73.56783070150004 45.51606850850003, -73.56983070150004 45.51606850850003, -73.56983070150004 45.51806850850004))",103,yellow
271,"POLYGON ((-73.56783070150004 45.51806850850004, -73.56583070150005 45.51806850850004, -73.56583070150005 45.51606850850003, -73.56783070150004 45.51606850850003, -73.56783070150004 45.51806850850004))",56,yellow
272,"POLYGON ((-73.56583070150005 45.51806850850004, -73.56383070150005 45.51806850850004, -73.56383070150005 45.51606850850003, -73.56583070150005 45.51606850850003, -73.56583070150005 45.51806850850004))",64,yellow
273,"POLYGON ((-73.56383070150005 45.51806850850004, -73.56183070150006 45.51806850850004, -73.56183070150006 45.51606850850003, -73.56383070150005 45.51606850850003, -73.56383070150005 45.51806850850004))",62,yellow
274,"POLYGON ((-73.56183070150006 45.51806850850004, -73.55983070150006 45.51806850850004, -73.55983070150006 45.51606850850003, -73.56183070150006 45.51606850850003, -73.56183070150006 45.51806850850004))",23,purple
275,"POLYGON ((-73.55983070150006 45.51806850850004, -73.55783070150007 45.51806850850004, -73.55783070150007 45.51606850850003, -73.55983070150006 45.51606850850003, -73.55983070150006 45.51806850850004))",27,purple
276,"POLYGON ((-73.55783070150007 45.51806850850004, -73.55583070150007 45.51806850850004, -73.55583070150007 45.51606850850003, -73.55783070150007 45.51606850850003, -73.55783070150007 45.51806850850004))",18,purple
277,"POLYGON ((-73.55583070150007 45.51806850850004, -73.55383070150008 45.51806850850004, -73.55383070150008 45.51606850850003, -73.55583070150007 45.51606850850003, -73.55583070150007 45.51806850850004))",21,purple
278,"POLYGON ((-73.55383070150008 45.51806850850004, -73.55183070150008 45.51806850850004, -73.55183070150008 45.51606850850003, -73.55383070150008 45.51606850850003, -73.55383070150008 45.51806850850004))",8,purple
279,"POLYGON ((-73.55183070150008 45.51806850850004, -73.54983070150008 45.51806850850004, -73.54983070150008 45.51606850850003, -73.55183070150008 45.51606850850003, -73.55183070150008 45.51806850850004))",18,purple
280,"POLYGON ((-73.58983070149999 45.52006850850004, -73.5878307015 45.52006850850004, -73.5878307015 45.51806850850004, -73.58983070149999 45.51806850850004, -73.58983070149999 45.52006850850004))",49,yellow
281,"POLYGON ((-73.5878307015 45.52006850850004, -73.5858307015 45.52006850850004, -73.5858307015 45.51806850850004, -73.5878307015 45.51806850850004, -73.5878307015 45.52006850850004))",8,purple
282,"POLYGON ((-73.5858307015 45.52006850850004, -73.58383070150001 45.52006850850004, -73.58383070150001 45.51806850850004, -73.5858307015 45.51806850850004, -73.5858307015 45.52006850850004))",59,yellow
283,"POLYGON ((-73.58383070150001 45.52006850850004, -73.58183070150001 45.52006850850004, -73.58183070150001 45.51806850850004, -73.58383070150001 45.51806850850004, -73.58383070150001 45.52006850850004))",65,yellow
284,"POLYGON ((-73.58183070150001 45.52006850850004, -73.57983070150001 45.52006850850004, -73.57983070150001 45.51806850850004, -73.58183070150001 45.51806850850004, -73.58183070150001 45.52006850850004))",49,yellow
285,"POLYGON ((-73.57983070150001 45.52006850850004, -73.57783070150002 45.52006850850004, -73.57783070150002 45.51806850850004, -73.57983070150001 45.51806850850004, -73.57983070150001 45.52006850850004))",76,yellow
286,"POLYGON ((-73.57783070150002 45.52006850850004, -73.57583070150002 45.52006850850004, -73.57583070150002 45.51806850850004, -73.57783070150002 45.51806850850004, -73.57783070150002 45.52006850850004))",164,yellow
287,"POLYGON ((-73.57583070150002 45.52006850850004, -73.57383070150003 45.52006850850004, -73.57383070150003 45.51806850850004, -73.57583070150002 45.51806850850004, -73.57583070150002 45.52006850850004))",147,yellow
288,"POLYGON ((-73.57383070150003 45.52006850850004, -73.57183070150003 45.52006850850004, -73.57183070150003 45.51806850850004, -73.57383070150003 45.51806850850004, -73.57383070150003 45.52006850850004))",135,yellow
289,"POLYGON ((-73.57183070150003 45.52006850850004, -73.56983070150004 45.52006850850004, -73.56983070150004 45.51806850850004, -73.57183070150003 45.51806850850004, -73.57183070150003 45.52006850850004))",66,yellow
290,"POLYGON ((-73.56983070150004 45.52006850850004, -73.56783070150004 45.52006850850004, -73.56783070150004 45.51806850850004, -73.56983070150004 45.51806850850004, -73.56983070150004 45.52006850850004))",73,yellow
291,"POLYGON ((-73.56783070150004 45.52006850850004, -73.56583070150005 45.52006850850004, -73.56583070150005 45.51806850850004, -73.56783070150004 45.51806850850004, -73.56783070150004 45.52006850850004))",61,yellow
292,"POLYGON ((-73.56583070150005 45.52006850850004, -73.56383070150005 45.52006850850004, -73.56383070150005 45.51806850850004, -73.56583070150005 45.51806850850004, -73.56583070150005 45.52006850850004))",15,purple
293,"POLYGON ((-73.56383070150005 45.52006850850004, -73.56183070150006 45.52006850850004, -73.56183070150006 45.51806850850004, -73.56383070150005 45.51806850850004, -73.56383070150005 45.52006850850004))",42,yellow
294,"POLYGON ((-73.56183070150006 45.52006850850004, -73.55983070150006 45.52006850850004, -73.55983070150006 45.51806850850004, -73.56183070150006 45.51806850850004, -73.56183070150006 45.52006850850004))",88,yellow
295,"POLYGON ((-73.55983070150006 45.52006850850004, -73.55783070150007 45.52006850850004, -73.55783070150007 45.51806850850004, -73.55983070150006 45.51806850850004, -73.55983070150006 45.52006850850004))",2,purple
296,"POLYGON ((-73.55783070150007 45.52006850850004, -73.55583070150007 45.52006850850004, -73.55583070150007 45.51806850850004, -73.55783070150007 45.51806850850004, -73.55783070150007 45.52006850850004))",16,purple
297,"POLYGON ((-73.55583070150007 45.52006850850004, -73.55383070150008 45.52006850850004, -73.55383070150008 45.51806850850004, -73.55583070150007 45.51806850850004, -73.55583070150007 45.52006850850004))",11,purple
298,"POLYGON ((-73.55383070150008 45.52006850850004, -73.55183070150008 45.52006850850004, -73.55183070150008 45.51806850850004, -73.55383070150008 45.51806850850004, -73.55383070150008 45.52006850850004))",7,purple
299,"POLYGON ((-73.55183070150008 45.52006850850004, -73.54983070150008 45.52006850850004, -73.54983070150008 45.51806850850004, -73.55183070150008 45.51806850850004, -73.55183070150008 45.52006850850004))",9,purple
300,"POLYGON ((-73.58983070149999 45.52206850850004, -73.5878307015 45.52206850850004, -73.5878307015 45.52006850850004, -73.58983070149999 45.52006850850004, -73.58983070149999 45.52206850850004))",34,purple
301,"POLYGON ((-73.5878307015 45.52206850850004, -73.5858307015 45.52206850850004, -73.5858307015 45.52006850850004, -73.5878307015 45.52006850850004, -73.5878307015 45.52206850850004))",77,yellow
302,"POLYGON ((-73.5858307015 45.52206850850004, -73.58383070150001 45.52206850850004, -73.58383070150001 45.52006850850004, -73.5858307015 45.52006850850004, -73.5858307015 45.52206850850004))",41,yellow
303,"POLYGON ((-73.58383070150001 45.52206850850004, -73.58183070150001 45.52206850850004, -73.58183070150001 45.52006850850004, -73.58383070150001 45.52006850850004, -73.58383070150001 45.52206850850004))",67,yellow
304,"POLYGON ((-73.58183070150001 45.52206850850004, -73.57983070150001 45.52206850850004, -73.57983070150001 45.52006850850004, -73.58183070150001 45.52006850850004, -73.58183070150001 45.52206850850004))",40,yellow
305,"POLYGON ((-73.57983070150001 45.52206850850004, -73.57783070150002 45.52206850850004, -73.57783070150002 45.52006850850004, -73.57983070150001 45.52006850850004, -73.57983070150001 45.52206850850004))",56,yellow
306,"POLYGON ((-73.57783070150002 45.52206850850004, -73.57583070150002 45.52206850850004, -73.57583070150002 45.52006850850004, -73.57783070150002 45.52006850850004, -73.57783070150002 45.52206850850004))",253,yellow
307,"POLYGON ((-73.57583070150002 45.52206850850004, -73.57383070150003 45.52206850850004, -73.57383070150003 45.52006850850004, -73.57583070150002 45.52006850850004, -73.57583070150002 45.52206850850004))",169,yellow
308,"POLYGON ((-73.57383070150003 45.52206850850004, -73.57183070150003 45.52206850850004, -73.57183070150003 45.52006850850004, -73.57383070150003 45.52006850850004, -73.57383070150003 45.52206850850004))",50,yellow
309,"POLYGON ((-73.57183070150003 45.52206850850004, -73.56983070150004 45.52206850850004, -73.56983070150004 45.52006850850004, -73.57183070150003 45.52006850850004, -73.57183070150003 45.52206850850004))",74,yellow
310,"POLYGON ((-73.56983070150004 45.52206850850004, -73.56783070150004 45.52206850850004, -73.56783070150004 45.52006850850004, -73.56983070150004 45.52006850850004, -73.56983070150004 45.52206850850004))",26,purple
311,"POLYGON ((-73.56783070150004 45.52206850850004, -73.56583070150005 45.52206850850004, -73.56583070150005 45.52006850850004, -73.56783070150004 45.52006850850004, -73.56783070150004 45.52206850850004))",71,yellow
312,"POLYGON ((-73.56583070150005 45.52206850850004, -73.56383070150005 45.52206850850004, -73.56383070150005 45.52006850850004, -73.56583070150005 45.52006850850004, -73.56583070150005 45.52206850850004))",163,yellow
313,"POLYGON ((-73.56383070150005 45.52206850850004, -73.56183070150006 45.52206850850004, -73.56183070150006 45.52006850850004, -73.56383070150005 45.52006850850004, -73.56383070150005 45.52206850850004))",83,yellow
314,"POLYGON ((-73.56183070150006 45.52206850850004, -73.55983070150006 45.52206850850004, -73.55983070150006 45.52006850850004, -73.56183070150006 45.52006850850004, -73.56183070150006 45.52206850850004))",67,yellow
315,"POLYGON ((-73.55983070150006 45.52206850850004, -73.55783070150007 45.52206850850004, -73.55783070150007 45.52006850850004, -73.55983070150006 45.52006850850004, -73.55983070150006 45.52206850850004))",44,yellow
316,"POLYGON ((-73.55783070150007 45.52206850850004, -73.55583070150007 45.52206850850004, -73.55583070150007 45.52006850850004, -73.55783070150007 45.52006850850004, -73.55783070150007 45.52206850850004))",9,purple
317,"POLYGON ((-73.55583070150007 45.52206850850004, -73.55383070150008 45.52206850850004, -73.55383070150008 45.52006850850004, -73.55583070150007 45.52006850850004, -73.55583070150007 45.52206850850004))",33,purple
318,"POLYGON ((-73.55383070150008 45.52206850850004, -73.55183070150008 45.52206850850004, -73.55183070150008 45.52006850850004, -73.55383070150008 45.52006850850004, -73.55383070150008 45.52206850850004))",19,purple
319,"POLYGON ((-73.55183070150008 45.52206850850004, -73.54983070150008 45.52206850850004, -73.54983070150008 45.52006850850004, -73.55183070150008 45.52006850850004, -73.55183070150008 45.52206850850004))",44,yellow
320,"POLYGON ((-73.58983070149999 45.52406850850004, -73.5878307015 45.52406850850004, -73.5878307015 45.52206850850004, -73.58983070149999 45.52206850850004, -73.58983070149999 45.52406850850004))",24,purple
321,"POLYGON ((-73.5878307015 45.52406850850004, -73.5858307015 45.52406850850004, -73.5858307015 45.52206850850004, -73.5878307015 45.52206850850004, -73.5878307015 45.52406850850004))",18,purple
322,"POLYGON ((-73.5858307015 45.52406850850004, -73.58383070150001 45.52406850850004, -73.58383070150001 45.52206850850004, -73.5858307015 45.52206850850004, -73.5858307015 45.52406850850004))",18,purple
323,"POLYGON ((-73.58383070150001 45.52406850850004, -73.58183070150001 45.52406850850004, -73.58183070150001 45.52206850850004, -73.58383070150001 45.52206850850004, -73.58383070150001 45.52406850850004))",54,yellow
324,"POLYGON ((-73.58183070150001 45.52406850850004, -73.57983070150001 45.52406850850004, -73.57983070150001 45.52206850850004, -73.58183070150001 45.52206850850004, -73.58183070150001 45.52406850850004))",62,yellow
325,"POLYGON ((-73.57983070150001 45.52406850850004, -73.57783070150002 45.52406850850004, -73.57783070150002 45.52206850850004, -73.57983070150001 45.52206850850004, -73.57983070150001 45.52406850850004))",136,yellow
326,"POLYGON ((-73.57783070150002 45.52406850850004, -73.57583070150002 45.52406850850004, -73.57583070150002 45.52206850850004, -73.57783070150002 45.52206850850004, -73.57783070150002 45.52406850850004))",88,yellow
327,"POLYGON ((-73.57583070150002 45.52406850850004, -73.57383070150003 45.52406850850004, -73.57383070150003 45.52206850850004, -73.57583070150002 45.52206850850004, -73.57583070150002 45.52406850850004))",176,yellow
328,"POLYGON ((-73.57383070150003 45.52406850850004, -73.57183070150003 45.52406850850004, -73.57183070150003 45.52206850850004, -73.57383070150003 45.52206850850004, -73.57383070150003 45.52406850850004))",111,yellow
329,"POLYGON ((-73.57183070150003 45.52406850850004, -73.56983070150004 45.52406850850004, -73.56983070150004 45.52206850850004, -73.57183070150003 45.52206850850004, -73.57183070150003 45.52406850850004))",10,purple
330,"POLYGON ((-73.56983070150004 45.52406850850004, -73.56783070150004 45.52406850850004, -73.56783070150004 45.52206850850004, -73.56983070150004 45.52206850850004, -73.56983070150004 45.52406850850004))",24,purple
331,"POLYGON ((-73.56783070150004 45.52406850850004, -73.56583070150005 45.52406850850004, -73.56583070150005 45.52206850850004, -73.56783070150004 45.52206850850004, -73.56783070150004 45.52406850850004))",270,yellow
332,"POLYGON ((-73.56583070150005 45.52406850850004, -73.56383070150005 45.52406850850004, -73.56383070150005 45.52206850850004, -73.56583070150005 45.52206850850004, -73.56583070150005 45.52406850850004))",26,purple
333,"POLYGON ((-73.56383070150005 45.52406850850004, -73.56183070150006 45.52406850850004, -73.56183070150006 45.52206850850004, -73.56383070150005 45.52206850850004, -73.56383070150005 45.52406850850004))",118,yellow
334,"POLYGON ((-73.56183070150006 45.52406850850004, -73.55983070150006 45.52406850850004, -73.55983070150006 45.52206850850004, -73.56183070150006 45.52206850850004, -73.56183070150006 45.52406850850004))",99,yellow
335,"POLYGON ((-73.55983070150006 45.52406850850004, -73.55783070150007 45.52406850850004, -73.55783070150007 45.52206850850004, -73.55983070150006 45.52206850850004, -73.55983070150006 45.52406850850004))",65,yellow
336,"POLYGON ((-73.55783070150007 45.52406850850004, -73.55583070150007 45.52406850850004, -73.55583070150007 45.52206850850004, -73.55783070150007 45.52206850850004, -73.55783070150007 45.52406850850004))",5,purple
337,"POLYGON ((-73.55583070150007 45.52406850850004, -73.55383070150008 45.52406850850004, -73.55383070150008 45.52206850850004, -73.55583070150007 45.52206850850004, -73.55583070150007 45.52406850850004))",11,purple
338,"POLYGON ((-73.55383070150008 45.52406850850004, -73.55183070150008 45.52406850850004, -73.55183070150008 45.52206850850004, -73.55383070150008 45.52206850850004, -73.55383070150008 45.52406850850004))",34,purple
339,"POLYGON ((-73.55183070150008 45.52406850850004, -73.54983070150008 45.52406850850004, -73.54983070150008 45.52206850850004, -73.55183070150008 45.52206850850004, -73.55183070150008 45.52406850850004))",5,purple
340,"POLYGON ((-73.58983070149999 45.52606850850005, -73.5878307015 45.52606850850005, -73.5878307015 45.52406850850004, -73.58983070149999 45.52406850850004, -73.58983070149999 45.52606850850005))",6,purple
341,"POLYGON ((-73.5878307015 45.52606850850005, -73.5858307015 45.52606850850005, -73.5858307015 45.52406850850004, -73.5878307015 45.52406850850004, -73.5878307015 45.52606850850005))",8,purple
342,"POLYGON ((-73.5858307015 45.52606850850005, -73.58383070150001 45.52606850850005, -73.58383070150001 45.52406850850004, -73.5858307015 45.52406850850004, -73.5858307015 45.52606850850005))",14,purple
343,"POLYGON ((-73.58383070150001 45.52606850850005, -73.58183070150001 45.52606850850005, -73.58183070150001 45.52406850850004, -73.58383070150001 45.52406850850004, -73.58383070150001 45.52606850850005))",21,purple
344,"POLYGON ((-73.58183070150001 45.52606850850005, -73.57983070150001 45.52606850850005, -73.57983070150001 45.52406850850004, -73.58183070150001 45.52406850850004, -73.58183070150001 45.52606850850005))",106,yellow
345,"POLYGON ((-73.57983070150001 45.52606850850005, -73.57783070150002 45.52606850850005, -73.57783070150002 45.52406850850004, -73.57983070150001 45.52406850850004, -73.57983070150001 45.52606850850005))",34,purple
346,"POLYGON ((-73.57783070150002 45.52606850850005, -73.57583070150002 45.52606850850005, -73.57583070150002 45.52406850850004, -73.57783070150002 45.52406850850004, -73.57783070150002 45.52606850850005))",121,yellow
347,"POLYGON ((-73.57583070150002 45.52606850850005, -73.57383070150003 45.52606850850005, -73.57383070150003 45.52406850850004, -73.57583070150002 45.52406850850004, -73.57583070150002 45.52606850850005))",31,purple
348,"POLYGON ((-73.57383070150003 45.52606850850005, -73.57183070150003 45.52606850850005, -73.57183070150003 45.52406850850004, -73.57383070150003 45.52406850850004, -73.57383070150003 45.52606850850005))",77,yellow
349,"POLYGON ((-73.57183070150003 45.52606850850005, -73.56983070150004 45.52606850850005, -73.56983070150004 45.52406850850004, -73.57183070150003 45.52406850850004, -73.57183070150003 45.52606850850005))",47,yellow
350,"POLYGON ((-73.56983070150004 45.52606850850005, -73.56783070150004 45.52606850850005, -73.56783070150004 45.52406850850004, -73.56983070150004 45.52406850850004, -73.56983070150004 45.52606850850005))",40,yellow
351,"POLYGON ((-73.56783070150004 45.52606850850005, -73.56583070150005 45.52606850850005, -73.56583070150005 45.52406850850004, -73.56783070150004 45.52406850850004, -73.56783070150004 45.52606850850005))",218,yellow
352,"POLYGON ((-73.56583070150005 45.52606850850005, -73.56383070150005 45.52606850850005, -73.56383070150005 45.52406850850004, -73.56583070150005 45.52406850850004, -73.56583070150005 45.52606850850005))",91,yellow
353,"POLYGON ((-73.56383070150005 45.52606850850005, -73.56183070150006 45.52606850850005, -73.56183070150006 45.52406850850004, -73.56383070150005 45.52406850850004, -73.56383070150005 45.52606850850005))",195,yellow
354,"POLYGON ((-73.56183070150006 45.52606850850005, -73.55983070150006 45.52606850850005, -73.55983070150006 45.52406850850004, -73.56183070150006 45.52406850850004, -73.56183070150006 45.52606850850005))",45,yellow
355,"POLYGON ((-73.55983070150006 45.52606850850005, -73.55783070150007 45.52606850850005, -73.55783070150007 45.52406850850004, -73.55983070150006 45.52406850850004, -73.55983070150006 45.52606850850005))",33,purple
356,"POLYGON ((-73.55783070150007 45.52606850850005, -73.55583070150007 45.52606850850005, -73.55583070150007 45.52406850850004, -73.55783070150007 45.52406850850004, -73.55783070150007 45.52606850850005))",6,purple
357,"POLYGON ((-73.55583070150007 45.52606850850005, -73.55383070150008 45.52606850850005, -73.55383070150008 45.52406850850004, -73.55583070150007 45.52406850850004, -73.55583070150007 45.52606850850005))",2,purple
358,"POLYGON ((-73.55383070150008 45.52606850850005, -73.55183070150008 45.52606850850005, -73.55183070150008 45.52406850850004, -73.55383070150008 45.52406850850004, -73.55383070150008 45.52606850850005))",1,purple
359,"POLYGON ((-73.55183070150008 45.52606850850005, -73.54983070150008 45.52606850850005, -73.54983070150008 45.52406850850004, -73.55183070150008 45.52406850850004, -73.55183070150008 45.52606850850005))",0,purple
360,"POLYGON ((-73.58983070149999 45.52806850850005, -73.5878307015 45.52806850850005, -73.5878307015 45.52606850850005, -73.58983070149999 45.52606850850005, -73.58983070149999 45.52806850850005))",15,purple
361,"POLYGON ((-73.5878307015 45.52806850850005, -73.5858307015 45.52806850850005, -73.5858307015 45.52606850850005, -73.5878307015 45.52606850850005, -73.5878307015 45.52806850850005))",13,purple
362,"POLYGON ((-73.5858307015 45.52806850850005, -73.58383070150001 45.52806850850005, -73.58383070150001 45.52606850850005, -73.5858307015 45.52606850850005, -73.5858307015 45.52806850850005))",31,purple
363,"POLYGON ((-73.58383070150001 45.52806850850005, -73.58183070150001 45.52806850850005, -73.58183070150001 45.52606850850005, -73.58383070150001 45.52606850850005, -73.58383070150001 45.52806850850005))",31,purple
364,"POLYGON ((-73.58183070150001 45.52806850850005, -73.57983070150001 45.52806850850005, -73.57983070150001 45.52606850850005, -73.58183070150001 45.52606850850005, -73.58183070150001 45.52806850850005))",73,yellow
365,"POLYGON ((-73.57983070150001 45.52806850850005, -73.57783070150002 45.52806850850005, -73.57783070150002 45.52606850850005, -73.57983070150001 45.52606850850005, -73.57983070150001 45.52806850850005))",50,yellow
366,"POLYGON ((-73.57783070150002 45.52806850850005, -73.57583070150002 45.52806850850005, -73.57583070150002 45.52606850850005, -73.57783070150002 45.52606850850005, -73.57783070150002 45.52806850850005))",21,purple
367,"POLYGON ((-73.57583070150002 45.52806850850005, -73.57383070150003 45.52806850850005, -73.57383070150003 45.52606850850005, -73.57583070150002 45.52606850850005, -73.57583070150002 45.52806850850005))",35,yellow
368,"POLYGON ((-73.57383070150003 45.52806850850005, -73.57183070150003 45.52806850850005, -73.57183070150003 45.52606850850005, -73.57383070150003 45.52606850850005, -73.57383070150003 45.52806850850005))",14,purple
369,"POLYGON ((-73.57183070150003 45.52806850850005, -73.56983070150004 45.52806850850005, -73.56983070150004 45.52606850850005, -73.57183070150003 45.52606850850005, -73.57183070150003 45.52806850850005))",64,yellow
370,"POLYGON ((-73.56983070150004 45.52806850850005, -73.56783070150004 45.52806850850005, -73.56783070150004 45.52606850850005, -73.56983070150004 45.52606850850005, -73.56983070150004 45.52806850850005))",89,yellow
371,"POLYGON ((-73.56783070150004 45.52806850850005, -73.56583070150005 45.52806850850005, -73.56583070150005 45.52606850850005, -73.56783070150004 45.52606850850005, -73.56783070150004 45.52806850850005))",70,yellow
372,"POLYGON ((-73.56583070150005 45.52806850850005, -73.56383070150005 45.52806850850005, -73.56383070150005 45.52606850850005, -73.56583070150005 45.52606850850005, -73.56583070150005 45.52806850850005))",71,yellow
373,"POLYGON ((-73.56383070150005 45.52806850850005, -73.56183070150006 45.52806850850005, -73.56183070150006 45.52606850850005, -73.56383070150005 45.52606850850005, -73.56383070150005 45.52806850850005))",0,purple
374,"POLYGON ((-73.56183070150006 45.52806850850005, -73.55983070150006 45.52806850850005, -73.55983070150006 45.52606850850005, -73.56183070150006 45.52606850850005, -73.56183070150006 45.52806850850005))",59,yellow
375,"POLYGON ((-73.55983070150006 45.52806850850005, -73.55783070150007 45.52806850850005, -73.55783070150007 45.52606850850005, -73.55983070150006 45.52606850850005, -73.55983070150006 45.52806850850005))",30,purple
376,"POLYGON ((-73.55783070150007 45.52806850850005, -73.55583070150007 45.52806850850005, -73.55583070150007 45.52606850850005, -73.55783070150007 45.52606850850005, -73.55783070150007 45.52806850850005))",37,yellow
377,"POLYGON ((-73.55583070150007 45.52806850850005, -73.55383070150008 45.52806850850005, -73.55383070150008 45.52606850850005, -73.55583070150007 45.52606850850005, -73.55583070150007 45.52806850850005))",10,purple
378,"POLYGON ((-73.55383070150008 45.52806850850005, -73.55183070150008 45.52806850850005, -73.55183070150008 45.52606850850005, -73.55383070150008 45.52606850850005, -73.55383070150008 45.52806850850005))",0,purple
379,"POLYGON ((-73.55183070150008 45.52806850850005, -73.54983070150008 45.52806850850005, -73.54983070150008 45.52606850850005, -73.55183070150008 45.52606850850005, -73.55183070150008 45.52806850850005))",0,purple
380,"POLYGON ((-73.58983070149999 45.53006850850005, -73.5878307015 45.53006850850005, -73.5878307015 45.52806850850005, -73.58983070149999 45.52806850850005, -73.58983070149999 45.53006850850005))",28,purple
381,"POLYGON ((-73.5878307015 45.53006850850005, -73.5858307015 45.53006850850005, -73.5858307015 45.52806850850005, -73.5878307015 45.52806850850005, -73.5878307015 45.53006850850005))",19,purple
382,"POLYGON ((-73.5858307015 45.53006850850005, -73.58383070150001 45.53006850850005, -73.58383070150001 45.52806850850005, -73.5858307015 45.52806850850005, -73.5858307015 45.53006850850005))",25,purple
383,"POLYGON ((-73.58383070150001 45.53006850850005, -73.58183070150001 45.53006850850005, -73.58183070150001 45.52806850850005, -73.58383070150001 45.52806850850005, -73.58383070150001 45.53006850850005))",91,yellow
384,"POLYGON ((-73.58183070150001 45.53006850850005, -73.57983070150001 45.53006850850005, -73.57983070150001 45.52806850850005, -73.58183070150001 45.52806850850005, -73.58183070150001 45.53006850850005))",18,purple
385,"POLYGON ((-73.57983070150001 45.53006850850005, -73.57783070150002 45.53006850850005, -73.57783070150002 45.52806850850005, -73.57983070150001 45.52806850850005, -73.57983070150001 45.53006850850005))",18,purple
386,"POLYGON ((-73.57783070150002 45.53006850850005, -73.57583070150002 45.53006850850005, -73.57583070150002 45.52806850850005, -73.57783070150002 45.52806850850005, -73.57783070150002 45.53006850850005))",0,purple
387,"POLYGON ((-73.57583070150002 45.53006850850005, -73.57383070150003 45.53006850850005, -73.57383070150003 45.52806850850005, -73.57583070150002 45.52806850850005, -73.57583070150002 45.53006850850005))",20,purple
388,"POLYGON ((-73.57383070150003 45.53006850850005, -73.57183070150003 45.53006850850005, -73.57183070150003 45.52806850850005, -73.57383070150003 45.52806850850005, -73.57383070150003 45.53006850850005))",19,purple
389,"POLYGON ((-73.57183070150003 45.53006850850005, -73.56983070150004 45.53006850850005, -73.56983070150004 45.52806850850005, -73.57183070150003 45.52806850850005, -73.57183070150003 45.53006850850005))",46,yellow
390,"POLYGON ((-73.56983070150004 45.53006850850005, -73.56783070150004 45.53006850850005, -73.56783070150004 45.52806850850005, -73.56983070150004 45.52806850850005, -73.56983070150004 45.53006850850005))",51,yellow
391,"POLYGON ((-73.56783070150004 45.53006850850005, -73.56583070150005 45.53006850850005, -73.56583070150005 45.52806850850005, -73.56783070150004 45.52806850850005, -73.56783070150004 45.53006850850005))",3,purple
392,"POLYGON ((-73.56583070150005 45.53006850850005, -73.56383070150005 45.53006850850005, -73.56383070150005 45.52806850850005, -73.56583070150005 45.52806850850005, -73.56583070150005 45.53006850850005))",0,purple
393,"POLYGON ((-73.56383070150005 45.53006850850005, -73.56183070150006 45.53006850850005, -73.56183070150006 45.52806850850005, -73.56383070150005 45.52806850850005, -73.56383070150005 45.53006850850005))",0,purple
394,"POLYGON ((-73.56183070150006 45.53006850850005, -73.55983070150006 45.53006850850005, -73.55983070150006 45.52806850850005, -73.56183070150006 45.52806850850005, -73.56183070150006 45.53006850850005))",0,purple
395,"POLYGON ((-73.55983070150006 45.53006850850005, -73.55783070150007 45.53006850850005, -73.55783070150007 45.52806850850005, -73.55983070150006 45.52806850850005, -73.55983070150006 45.53006850850005))",0,purple
396,"POLYGON ((-73.55783070150007 45.53006850850005, -73.55583070150007 45.53006850850005, -73.55583070150007 45.52806850850005, -73.55783070150007 45.52806850850005, -73.55783070150007 45.53006850850005))",0,purple
397,"POLYGON ((-73.55583070150007 45.53006850850005, -73.55383070150008 45.53006850850005, -73.55383070150008 45.52806850850005, -73.55583070150007 45.52806850850005, -73.55583070150007 45.53006850850005))",0,purple
398,"POLYGON ((-73.55383070150008 45.53006850850005, -73.55183070150008 45.53006850850005, -73.55183070150008 45.52806850850005, -73.55383070150008 45.52806850850005, -73.55383070150008 45.53006850850005))",0,purple
399,"POLYGON ((-73.55183070150008 45.53006850850005, -73.54983070150008 45.53006850850005, -73.54983070150008 45.52806850850005, -73.55183070150008 45.52806850850005, -73.55183070150008 45.53006850850005))",5,purple
